<?xml version="1.0" encoding="UTF-8" ?>
<art-works-descriptions>
  <art-work>
    <id>1</id>
    <name>Surface with Venus</name>
    <description>
      Nullam odio ante, egestas vitae lectus vel, vestibulum molestie mi.
      Maecenas at dui nunc. Curabitur leo dolor, dignissim sit amet felis vel,
      pulvinar condimentum ipsum. Maecenas vehicula erat at placerat laoreet.
      Mauris tincidunt magna erat, quis molestie est posuere ac.
    </description>
  </art-work>
  <art-work>
    <id>2</id>
    <name>Tremulous Memories of High Expression</name>
    <description>
      Nullam odio ante, egestas vitae lectus vel, vestibulum molestie mi.
      Maecenas at dui nunc. Curabitur leo dolor, dignissim sit amet felis vel,
      pulvinar condimentum ipsum. Maecenas vehicula erat at placerat laoreet.
      Mauris tincidunt magna erat, quis molestie est posuere ac.
    </description>
  </art-work>
  <art-work>
    <id>3</id>
    <name>Stain and Work</name>
    <description>
      Nullam odio ante, egestas vitae lectus vel, vestibulum molestie mi.
      Maecenas at dui nunc. Curabitur leo dolor, dignissim sit amet felis vel,
      pulvinar condimentum ipsum. Maecenas vehicula erat at placerat laoreet.
      Mauris tincidunt magna erat, quis molestie est posuere ac.
    </description>
  </art-work>
  <art-work>
    <id>4</id>
    <name>Context and Muse</name>
    <description>
      Nullam odio ante, egestas vitae lectus vel, vestibulum molestie mi.
      Maecenas at dui nunc. Curabitur leo dolor, dignissim sit amet felis vel,
      pulvinar condimentum ipsum. Maecenas vehicula erat at placerat laoreet.
      Mauris tincidunt magna erat, quis molestie est posuere ac.
    </description>
  </art-work>
  <art-work>
    <id>5</id>
    <name>The Interior of Innocence</name>
    <description>
      Nullam odio ante, egestas vitae lectus vel, vestibulum molestie mi.
      Maecenas at dui nunc. Curabitur leo dolor, dignissim sit amet felis vel,
      pulvinar condimentum ipsum. Maecenas vehicula erat at placerat laoreet.
      Mauris tincidunt magna erat, quis molestie est posuere ac.
    </description>
  </art-work>
  <art-work>
    <id>6</id>
    <name>The Sky of God</name>
    <description>
      Nullam odio ante, egestas vitae lectus vel, vestibulum molestie mi.
      Maecenas at dui nunc. Curabitur leo dolor, dignissim sit amet felis vel,
      pulvinar condimentum ipsum. Maecenas vehicula erat at placerat laoreet.
      Mauris tincidunt magna erat, quis molestie est posuere ac.
    </description>
  </art-work>
  <art-work>
    <id>7</id>
    <name>Idea of Dreams</name>
    <description>
      Nullam odio ante, egestas vitae lectus vel, vestibulum molestie mi.
      Maecenas at dui nunc. Curabitur leo dolor, dignissim sit amet felis vel,
      pulvinar condimentum ipsum. Maecenas vehicula erat at placerat laoreet.
      Mauris tincidunt magna erat, quis molestie est posuere ac.
    </description>
  </art-work>
  <art-work>
    <id>8</id>
    <name>Geometric Dialogue with Momentary Echo</name>
    <description>
      Nullam odio ante, egestas vitae lectus vel, vestibulum molestie mi.
      Maecenas at dui nunc. Curabitur leo dolor, dignissim sit amet felis vel,
      pulvinar condimentum ipsum. Maecenas vehicula erat at placerat laoreet.
      Mauris tincidunt magna erat, quis molestie est posuere ac.
    </description>
  </art-work>
  <art-work>
    <id>9</id>
    <name>Aphrodite or Projection</name>
    <description>
      Nullam odio ante, egestas vitae lectus vel, vestibulum molestie mi.
      Maecenas at dui nunc. Curabitur leo dolor, dignissim sit amet felis vel,
      pulvinar condimentum ipsum. Maecenas vehicula erat at placerat laoreet.
      Mauris tincidunt magna erat, quis molestie est posuere ac.
    </description>
  </art-work>
  <art-work>
    <id>10</id>
    <name>Nothing of Fear - Composition VII</name>
    <description>
      Nullam odio ante, egestas vitae lectus vel, vestibulum molestie mi.
      Maecenas at dui nunc. Curabitur leo dolor, dignissim sit amet felis vel,
      pulvinar condimentum ipsum. Maecenas vehicula erat at placerat laoreet.
      Mauris tincidunt magna erat, quis molestie est posuere ac.
    </description>
  </art-work>
  <art-work>
    <id>11</id>
    <name>Sentiment with Reality</name>
    <description>
      Nullam odio ante, egestas vitae lectus vel, vestibulum molestie mi.
      Maecenas at dui nunc. Curabitur leo dolor, dignissim sit amet felis vel,
      pulvinar condimentum ipsum. Maecenas vehicula erat at placerat laoreet.
      Mauris tincidunt magna erat, quis molestie est posuere ac.
    </description>
  </art-work>
  <art-work>
    <id>12</id>
    <name>Dialogue with Reincarnated Disgust</name>
    <description>
      Nullam odio ante, egestas vitae lectus vel, vestibulum molestie mi.
      Maecenas at dui nunc. Curabitur leo dolor, dignissim sit amet felis vel,
      pulvinar condimentum ipsum. Maecenas vehicula erat at placerat laoreet.
      Mauris tincidunt magna erat, quis molestie est posuere ac.
    </description>
  </art-work>
  <art-work>
    <id>13</id>
    <name>Abstraction with Hope</name>
    <description>
      Nullam odio ante, egestas vitae lectus vel, vestibulum molestie mi.
      Maecenas at dui nunc. Curabitur leo dolor, dignissim sit amet felis vel,
      pulvinar condimentum ipsum. Maecenas vehicula erat at placerat laoreet.
      Mauris tincidunt magna erat, quis molestie est posuere ac.
    </description>
  </art-work>
  <art-work>
    <id>14</id>
    <name>My Visionary Idealism</name>
    <description>
      Nullam odio ante, egestas vitae lectus vel, vestibulum molestie mi.
      Maecenas at dui nunc. Curabitur leo dolor, dignissim sit amet felis vel,
      pulvinar condimentum ipsum. Maecenas vehicula erat at placerat laoreet.
      Mauris tincidunt magna erat, quis molestie est posuere ac.
    </description>
  </art-work>
  <art-work>
    <id>15</id>
    <name>Mechanical Literature</name>
    <description>
      Nullam odio ante, egestas vitae lectus vel, vestibulum molestie mi.
      Maecenas at dui nunc. Curabitur leo dolor, dignissim sit amet felis vel,
      pulvinar condimentum ipsum. Maecenas vehicula erat at placerat laoreet.
      Mauris tincidunt magna erat, quis molestie est posuere ac.
    </description>
  </art-work>
  <art-work>
    <id>16</id>
    <name>Masked Giraffe - Oversize</name>
    <description>
      Nullam odio ante, egestas vitae lectus vel, vestibulum molestie mi.
      Maecenas at dui nunc. Curabitur leo dolor, dignissim sit amet felis vel,
      pulvinar condimentum ipsum. Maecenas vehicula erat at placerat laoreet.
      Mauris tincidunt magna erat, quis molestie est posuere ac.
    </description>
  </art-work>
  <art-work>
    <id>17</id>
    <name>Emotional Idea</name>
    <description>
      Nullam odio ante, egestas vitae lectus vel, vestibulum molestie mi.
      Maecenas at dui nunc. Curabitur leo dolor, dignissim sit amet felis vel,
      pulvinar condimentum ipsum. Maecenas vehicula erat at placerat laoreet.
      Mauris tincidunt magna erat, quis molestie est posuere ac.
    </description>
  </art-work>
  <art-work>
    <id>18</id>
    <name>Biblical Blob of Hate</name>
    <description>
      Nullam odio ante, egestas vitae lectus vel, vestibulum molestie mi.
      Maecenas at dui nunc. Curabitur leo dolor, dignissim sit amet felis vel,
      pulvinar condimentum ipsum. Maecenas vehicula erat at placerat laoreet.
      Mauris tincidunt magna erat, quis molestie est posuere ac.
    </description>
  </art-work>
  <art-work>
    <id>19</id>
    <name>Pure Brushstroke of God</name>
    <description>
      Nullam odio ante, egestas vitae lectus vel, vestibulum molestie mi.
      Maecenas at dui nunc. Curabitur leo dolor, dignissim sit amet felis vel,
      pulvinar condimentum ipsum. Maecenas vehicula erat at placerat laoreet.
      Mauris tincidunt magna erat, quis molestie est posuere ac.
    </description>
  </art-work>
  <art-work>
    <id>20</id>
    <name>Nudist Desiring Humanism</name>
    <description>
      Nullam odio ante, egestas vitae lectus vel, vestibulum molestie mi.
      Maecenas at dui nunc. Curabitur leo dolor, dignissim sit amet felis vel,
      pulvinar condimentum ipsum. Maecenas vehicula erat at placerat laoreet.
      Mauris tincidunt magna erat, quis molestie est posuere ac.
    </description>
  </art-work>
  <art-work>
    <id>21</id>
    <name>The Philosophy of Fear</name>
    <description>
      Nullam odio ante, egestas vitae lectus vel, vestibulum molestie mi.
      Maecenas at dui nunc. Curabitur leo dolor, dignissim sit amet felis vel,
      pulvinar condimentum ipsum. Maecenas vehicula erat at placerat laoreet.
      Mauris tincidunt magna erat, quis molestie est posuere ac.
    </description>
  </art-work>
  <art-work>
    <id>22</id>
    <name>The Absence of Lust</name>
    <description>
      Nullam odio ante, egestas vitae lectus vel, vestibulum molestie mi.
      Maecenas at dui nunc. Curabitur leo dolor, dignissim sit amet felis vel,
      pulvinar condimentum ipsum. Maecenas vehicula erat at placerat laoreet.
      Mauris tincidunt magna erat, quis molestie est posuere ac.
    </description>
  </art-work>
  <art-work>
    <id>23</id>
    <name>Information or Context</name>
    <description>
      Nullam odio ante, egestas vitae lectus vel, vestibulum molestie mi.
      Maecenas at dui nunc. Curabitur leo dolor, dignissim sit amet felis vel,
      pulvinar condimentum ipsum. Maecenas vehicula erat at placerat laoreet.
      Mauris tincidunt magna erat, quis molestie est posuere ac.
    </description>
  </art-work>
  <art-work>
    <id>24</id>
    <name>Incidental Square</name>
    <description>
      Nullam odio ante, egestas vitae lectus vel, vestibulum molestie mi.
      Maecenas at dui nunc. Curabitur leo dolor, dignissim sit amet felis vel,
      pulvinar condimentum ipsum. Maecenas vehicula erat at placerat laoreet.
      Mauris tincidunt magna erat, quis molestie est posuere ac.
    </description>
  </art-work>
  <art-work>
    <id>25</id>
    <name>Landscape with Fatal Future</name>
    <description>
      Nullam odio ante, egestas vitae lectus vel, vestibulum molestie mi.
      Maecenas at dui nunc. Curabitur leo dolor, dignissim sit amet felis vel,
      pulvinar condimentum ipsum. Maecenas vehicula erat at placerat laoreet.
      Mauris tincidunt magna erat, quis molestie est posuere ac.
    </description>
  </art-work>
  <art-work>
    <id>26</id>
    <name>Reclining Peasant Rearranged</name>
    <description>
      Nullam odio ante, egestas vitae lectus vel, vestibulum molestie mi.
      Maecenas at dui nunc. Curabitur leo dolor, dignissim sit amet felis vel,
      pulvinar condimentum ipsum. Maecenas vehicula erat at placerat laoreet.
      Mauris tincidunt magna erat, quis molestie est posuere ac.
    </description>
  </art-work>
  <art-work>
    <id>27</id>
    <name>Peasant Deserting a Staircase</name>
    <description>
      Nullam odio ante, egestas vitae lectus vel, vestibulum molestie mi.
      Maecenas at dui nunc. Curabitur leo dolor, dignissim sit amet felis vel,
      pulvinar condimentum ipsum. Maecenas vehicula erat at placerat laoreet.
      Mauris tincidunt magna erat, quis molestie est posuere ac.
    </description>
  </art-work>
  <art-work>
    <id>28</id>
    <name>Extracts from Painted Air</name>
    <description>
      Nullam odio ante, egestas vitae lectus vel, vestibulum molestie mi.
      Maecenas at dui nunc. Curabitur leo dolor, dignissim sit amet felis vel,
      pulvinar condimentum ipsum. Maecenas vehicula erat at placerat laoreet.
      Mauris tincidunt magna erat, quis molestie est posuere ac.
    </description>
  </art-work>
  <art-work>
    <id>29</id>
    <name>Impression of Dying Image</name>
    <description>
      Nullam odio ante, egestas vitae lectus vel, vestibulum molestie mi.
      Maecenas at dui nunc. Curabitur leo dolor, dignissim sit amet felis vel,
      pulvinar condimentum ipsum. Maecenas vehicula erat at placerat laoreet.
      Mauris tincidunt magna erat, quis molestie est posuere ac.
    </description>
  </art-work>
  <art-work>
    <id>30</id>
    <name>Luminous Rhubarb of Peace</name>
    <description>
      Nullam odio ante, egestas vitae lectus vel, vestibulum molestie mi.
      Maecenas at dui nunc. Curabitur leo dolor, dignissim sit amet felis vel,
      pulvinar condimentum ipsum. Maecenas vehicula erat at placerat laoreet.
      Mauris tincidunt magna erat, quis molestie est posuere ac.
    </description>
  </art-work>
  <art-work>
    <id>31</id>
    <name>Unfolding Extracts from Autumnal Echo</name>
    <description>
      Nullam odio ante, egestas vitae lectus vel, vestibulum molestie mi.
      Maecenas at dui nunc. Curabitur leo dolor, dignissim sit amet felis vel,
      pulvinar condimentum ipsum. Maecenas vehicula erat at placerat laoreet.
      Mauris tincidunt magna erat, quis molestie est posuere ac.
    </description>
  </art-work>
  <art-work>
    <id>32</id>
    <name>Fragment of Autumnal Projection</name>
    <description>
      Nullam odio ante, egestas vitae lectus vel, vestibulum molestie mi.
      Maecenas at dui nunc. Curabitur leo dolor, dignissim sit amet felis vel,
      pulvinar condimentum ipsum. Maecenas vehicula erat at placerat laoreet.
      Mauris tincidunt magna erat, quis molestie est posuere ac.
    </description>
  </art-work>
  <art-work>
    <id>33</id>
    <name>Supposed Continuation</name>
    <description>
      Nullam odio ante, egestas vitae lectus vel, vestibulum molestie mi.
      Maecenas at dui nunc. Curabitur leo dolor, dignissim sit amet felis vel,
      pulvinar condimentum ipsum. Maecenas vehicula erat at placerat laoreet.
      Mauris tincidunt magna erat, quis molestie est posuere ac.
    </description>
  </art-work>
  <art-work>
    <id>34</id>
    <name>Established Apparition of Demoralized Structure</name>
    <description>
      Nullam odio ante, egestas vitae lectus vel, vestibulum molestie mi.
      Maecenas at dui nunc. Curabitur leo dolor, dignissim sit amet felis vel,
      pulvinar condimentum ipsum. Maecenas vehicula erat at placerat laoreet.
      Mauris tincidunt magna erat, quis molestie est posuere ac.
    </description>
  </art-work>
  <art-work>
    <id>35</id>
    <name>Ode to Jumping Compound</name>
    <description>
      Nullam odio ante, egestas vitae lectus vel, vestibulum molestie mi.
      Maecenas at dui nunc. Curabitur leo dolor, dignissim sit amet felis vel,
      pulvinar condimentum ipsum. Maecenas vehicula erat at placerat laoreet.
      Mauris tincidunt magna erat, quis molestie est posuere ac.
    </description>
  </art-work>
  <art-work>
    <id>36</id>
    <name>The Pataphysical Material</name>
    <description>
      Nullam odio ante, egestas vitae lectus vel, vestibulum molestie mi.
      Maecenas at dui nunc. Curabitur leo dolor, dignissim sit amet felis vel,
      pulvinar condimentum ipsum. Maecenas vehicula erat at placerat laoreet.
      Mauris tincidunt magna erat, quis molestie est posuere ac.
    </description>
  </art-work>
  <art-work>
    <id>37</id>
    <name>Torqued Movement of Desire</name>
    <description>
      Nullam odio ante, egestas vitae lectus vel, vestibulum molestie mi.
      Maecenas at dui nunc. Curabitur leo dolor, dignissim sit amet felis vel,
      pulvinar condimentum ipsum. Maecenas vehicula erat at placerat laoreet.
      Mauris tincidunt magna erat, quis molestie est posuere ac.
    </description>
  </art-work>
  <art-work>
    <id>38</id>
    <name>Work &amp; Edge</name>
    <description>
      Nullam odio ante, egestas vitae lectus vel, vestibulum molestie mi.
      Maecenas at dui nunc. Curabitur leo dolor, dignissim sit amet felis vel,
      pulvinar condimentum ipsum. Maecenas vehicula erat at placerat laoreet.
      Mauris tincidunt magna erat, quis molestie est posuere ac.
    </description>
  </art-work>
  <art-work>
    <id>39</id>
    <name>The False Information</name>
    <description>
      Nullam odio ante, egestas vitae lectus vel, vestibulum molestie mi.
      Maecenas at dui nunc. Curabitur leo dolor, dignissim sit amet felis vel,
      pulvinar condimentum ipsum. Maecenas vehicula erat at placerat laoreet.
      Mauris tincidunt magna erat, quis molestie est posuere ac.
    </description>
  </art-work>
  <art-work>
    <id>40</id>
    <name>Tender Aviator of Sorrow</name>
    <description>
      Nullam odio ante, egestas vitae lectus vel, vestibulum molestie mi.
      Maecenas at dui nunc. Curabitur leo dolor, dignissim sit amet felis vel,
      pulvinar condimentum ipsum. Maecenas vehicula erat at placerat laoreet.
      Mauris tincidunt magna erat, quis molestie est posuere ac.
    </description>
  </art-work>
  <art-work>
    <id>41</id>
    <name>The Mystic Cannibalism</name>
    <description>
      Nullam odio ante, egestas vitae lectus vel, vestibulum molestie mi.
      Maecenas at dui nunc. Curabitur leo dolor, dignissim sit amet felis vel,
      pulvinar condimentum ipsum. Maecenas vehicula erat at placerat laoreet.
      Mauris tincidunt magna erat, quis molestie est posuere ac.
    </description>
  </art-work>
  <art-work>
    <id>42</id>
    <name>Dialogue with Reflecting Summation</name>
    <description>
      Nullam odio ante, egestas vitae lectus vel, vestibulum molestie mi.
      Maecenas at dui nunc. Curabitur leo dolor, dignissim sit amet felis vel,
      pulvinar condimentum ipsum. Maecenas vehicula erat at placerat laoreet.
      Mauris tincidunt magna erat, quis molestie est posuere ac.
    </description>
  </art-work>
  <art-work>
    <id>43</id>
    <name>Thing and Design</name>
    <description>
      Nullam odio ante, egestas vitae lectus vel, vestibulum molestie mi.
      Maecenas at dui nunc. Curabitur leo dolor, dignissim sit amet felis vel,
      pulvinar condimentum ipsum. Maecenas vehicula erat at placerat laoreet.
      Mauris tincidunt magna erat, quis molestie est posuere ac.
    </description>
  </art-work>
  <art-work>
    <id>44</id>
    <name>Journey vs Head</name>
    <description>
      Nullam odio ante, egestas vitae lectus vel, vestibulum molestie mi.
      Maecenas at dui nunc. Curabitur leo dolor, dignissim sit amet felis vel,
      pulvinar condimentum ipsum. Maecenas vehicula erat at placerat laoreet.
      Mauris tincidunt magna erat, quis molestie est posuere ac.
    </description>
  </art-work>
  <art-work>
    <id>45</id>
    <name>The Pure Spirit</name>
    <description>
      Nullam odio ante, egestas vitae lectus vel, vestibulum molestie mi.
      Maecenas at dui nunc. Curabitur leo dolor, dignissim sit amet felis vel,
      pulvinar condimentum ipsum. Maecenas vehicula erat at placerat laoreet.
      Mauris tincidunt magna erat, quis molestie est posuere ac.
    </description>
  </art-work>
  <art-work>
    <id>46</id>
    <name>Pataphysical Nothing</name>
    <description>
      Nullam odio ante, egestas vitae lectus vel, vestibulum molestie mi.
      Maecenas at dui nunc. Curabitur leo dolor, dignissim sit amet felis vel,
      pulvinar condimentum ipsum. Maecenas vehicula erat at placerat laoreet.
      Mauris tincidunt magna erat, quis molestie est posuere ac.
    </description>
  </art-work>
  <art-work>
    <id>47</id>
    <name>Perceptive Boundry of Innocence</name>
    <description>
      Nullam odio ante, egestas vitae lectus vel, vestibulum molestie mi.
      Maecenas at dui nunc. Curabitur leo dolor, dignissim sit amet felis vel,
      pulvinar condimentum ipsum. Maecenas vehicula erat at placerat laoreet.
      Mauris tincidunt magna erat, quis molestie est posuere ac.
    </description>
  </art-work>
  <art-work>
    <id>48</id>
    <name>Nun Detaching a Staircase</name>
    <description>
      Nullam odio ante, egestas vitae lectus vel, vestibulum molestie mi.
      Maecenas at dui nunc. Curabitur leo dolor, dignissim sit amet felis vel,
      pulvinar condimentum ipsum. Maecenas vehicula erat at placerat laoreet.
      Mauris tincidunt magna erat, quis molestie est posuere ac.
    </description>
  </art-work>
  <art-work>
    <id>49</id>
    <name>Stenographic Substance - Oversize</name>
    <description>
      Nullam odio ante, egestas vitae lectus vel, vestibulum molestie mi.
      Maecenas at dui nunc. Curabitur leo dolor, dignissim sit amet felis vel,
      pulvinar condimentum ipsum. Maecenas vehicula erat at placerat laoreet.
      Mauris tincidunt magna erat, quis molestie est posuere ac.
    </description>
  </art-work>
  <art-work>
    <id>50</id>
    <name>Information of Desire</name>
    <description>
      Nullam odio ante, egestas vitae lectus vel, vestibulum molestie mi.
      Maecenas at dui nunc. Curabitur leo dolor, dignissim sit amet felis vel,
      pulvinar condimentum ipsum. Maecenas vehicula erat at placerat laoreet.
      Mauris tincidunt magna erat, quis molestie est posuere ac.
    </description>
  </art-work>
  <art-work>
    <id>51</id>
    <name>Old Man Deserting Nature</name>
    <description>
      Nullam odio ante, egestas vitae lectus vel, vestibulum molestie mi.
      Maecenas at dui nunc. Curabitur leo dolor, dignissim sit amet felis vel,
      pulvinar condimentum ipsum. Maecenas vehicula erat at placerat laoreet.
      Mauris tincidunt magna erat, quis molestie est posuere ac.
    </description>
  </art-work>
  <art-work>
    <id>52</id>
    <name>The Meditative Journey</name>
    <description>
      Nullam odio ante, egestas vitae lectus vel, vestibulum molestie mi.
      Maecenas at dui nunc. Curabitur leo dolor, dignissim sit amet felis vel,
      pulvinar condimentum ipsum. Maecenas vehicula erat at placerat laoreet.
      Mauris tincidunt magna erat, quis molestie est posuere ac.
    </description>
  </art-work>
  <art-work>
    <id>53</id>
    <name>Dialogue with Trapped Shape</name>
    <description>
      Nullam odio ante, egestas vitae lectus vel, vestibulum molestie mi.
      Maecenas at dui nunc. Curabitur leo dolor, dignissim sit amet felis vel,
      pulvinar condimentum ipsum. Maecenas vehicula erat at placerat laoreet.
      Mauris tincidunt magna erat, quis molestie est posuere ac.
    </description>
  </art-work>
  <art-work>
    <id>54</id>
    <name>Linear Singularity in 3 Stages</name>
    <description>
      Nullam odio ante, egestas vitae lectus vel, vestibulum molestie mi.
      Maecenas at dui nunc. Curabitur leo dolor, dignissim sit amet felis vel,
      pulvinar condimentum ipsum. Maecenas vehicula erat at placerat laoreet.
      Mauris tincidunt magna erat, quis molestie est posuere ac.
    </description>
  </art-work>
  <art-work>
    <id>55</id>
    <name>Perceptive Eye - Number 8</name>
    <description>
      Nullam odio ante, egestas vitae lectus vel, vestibulum molestie mi.
      Maecenas at dui nunc. Curabitur leo dolor, dignissim sit amet felis vel,
      pulvinar condimentum ipsum. Maecenas vehicula erat at placerat laoreet.
      Mauris tincidunt magna erat, quis molestie est posuere ac.
    </description>
  </art-work>
  <art-work>
    <id>56</id>
    <name>Old Man Deceiving Humanism</name>
    <description>
      Nullam odio ante, egestas vitae lectus vel, vestibulum molestie mi.
      Maecenas at dui nunc. Curabitur leo dolor, dignissim sit amet felis vel,
      pulvinar condimentum ipsum. Maecenas vehicula erat at placerat laoreet.
      Mauris tincidunt magna erat, quis molestie est posuere ac.
    </description>
  </art-work>
  <art-work>
    <id>57</id>
    <name>Virgin Descending the Left Corner</name>
    <description>
      Nullam odio ante, egestas vitae lectus vel, vestibulum molestie mi.
      Maecenas at dui nunc. Curabitur leo dolor, dignissim sit amet felis vel,
      pulvinar condimentum ipsum. Maecenas vehicula erat at placerat laoreet.
      Mauris tincidunt magna erat, quis molestie est posuere ac.
    </description>
  </art-work>
  <art-work>
    <id>58</id>
    <name>Absentminded Orpheus of Despair</name>
    <description>
      Nullam odio ante, egestas vitae lectus vel, vestibulum molestie mi.
      Maecenas at dui nunc. Curabitur leo dolor, dignissim sit amet felis vel,
      pulvinar condimentum ipsum. Maecenas vehicula erat at placerat laoreet.
      Mauris tincidunt magna erat, quis molestie est posuere ac.
    </description>
  </art-work>
  <art-work>
    <id>59</id>
    <name>Remixed Sister of Despair</name>
    <description>
      Nullam odio ante, egestas vitae lectus vel, vestibulum molestie mi.
      Maecenas at dui nunc. Curabitur leo dolor, dignissim sit amet felis vel,
      pulvinar condimentum ipsum. Maecenas vehicula erat at placerat laoreet.
      Mauris tincidunt magna erat, quis molestie est posuere ac.
    </description>
  </art-work>
  <art-work>
    <id>60</id>
    <name>Transformation vs Sister</name>
    <description>
      Nullam odio ante, egestas vitae lectus vel, vestibulum molestie mi.
      Maecenas at dui nunc. Curabitur leo dolor, dignissim sit amet felis vel,
      pulvinar condimentum ipsum. Maecenas vehicula erat at placerat laoreet.
      Mauris tincidunt magna erat, quis molestie est posuere ac.
    </description>
  </art-work>
  <art-work>
    <id>61</id>
    <name>The Luminous Movement</name>
    <description>
      Nullam odio ante, egestas vitae lectus vel, vestibulum molestie mi.
      Maecenas at dui nunc. Curabitur leo dolor, dignissim sit amet felis vel,
      pulvinar condimentum ipsum. Maecenas vehicula erat at placerat laoreet.
      Mauris tincidunt magna erat, quis molestie est posuere ac.
    </description>
  </art-work>
  <art-work>
    <id>62</id>
    <name>Element of Dreams 1955</name>
    <description>
      Nullam odio ante, egestas vitae lectus vel, vestibulum molestie mi.
      Maecenas at dui nunc. Curabitur leo dolor, dignissim sit amet felis vel,
      pulvinar condimentum ipsum. Maecenas vehicula erat at placerat laoreet.
      Mauris tincidunt magna erat, quis molestie est posuere ac.
    </description>
  </art-work>
  <art-work>
    <id>63</id>
    <name>Complicated Stick</name>
    <description>
      Nullam odio ante, egestas vitae lectus vel, vestibulum molestie mi.
      Maecenas at dui nunc. Curabitur leo dolor, dignissim sit amet felis vel,
      pulvinar condimentum ipsum. Maecenas vehicula erat at placerat laoreet.
      Mauris tincidunt magna erat, quis molestie est posuere ac.
    </description>
  </art-work>
  <art-work>
    <id>64</id>
    <name>The Cannibalism of Innocence</name>
    <description>
      Nullam odio ante, egestas vitae lectus vel, vestibulum molestie mi.
      Maecenas at dui nunc. Curabitur leo dolor, dignissim sit amet felis vel,
      pulvinar condimentum ipsum. Maecenas vehicula erat at placerat laoreet.
      Mauris tincidunt magna erat, quis molestie est posuere ac.
    </description>
  </art-work>
  <art-work>
    <id>65</id>
    <name>Metaphysical Sky</name>
    <description>
      Nullam odio ante, egestas vitae lectus vel, vestibulum molestie mi.
      Maecenas at dui nunc. Curabitur leo dolor, dignissim sit amet felis vel,
      pulvinar condimentum ipsum. Maecenas vehicula erat at placerat laoreet.
      Mauris tincidunt magna erat, quis molestie est posuere ac.
    </description>
  </art-work>
  <art-work>
    <id>66</id>
    <name>Fugue with Intuitive Cannibalism</name>
    <description>
      Nullam odio ante, egestas vitae lectus vel, vestibulum molestie mi.
      Maecenas at dui nunc. Curabitur leo dolor, dignissim sit amet felis vel,
      pulvinar condimentum ipsum. Maecenas vehicula erat at placerat laoreet.
      Mauris tincidunt magna erat, quis molestie est posuere ac.
    </description>
  </art-work>
  <art-work>
    <id>67</id>
    <name>Seated Old Man (detail)</name>
    <description>
      Nullam odio ante, egestas vitae lectus vel, vestibulum molestie mi.
      Maecenas at dui nunc. Curabitur leo dolor, dignissim sit amet felis vel,
      pulvinar condimentum ipsum. Maecenas vehicula erat at placerat laoreet.
      Mauris tincidunt magna erat, quis molestie est posuere ac.
    </description>
  </art-work>
  <art-work>
    <id>68</id>
    <name>Intuitive Brushstroke of Lust</name>
    <description>
      Nullam odio ante, egestas vitae lectus vel, vestibulum molestie mi.
      Maecenas at dui nunc. Curabitur leo dolor, dignissim sit amet felis vel,
      pulvinar condimentum ipsum. Maecenas vehicula erat at placerat laoreet.
      Mauris tincidunt magna erat, quis molestie est posuere ac.
    </description>
  </art-work>
  <art-work>
    <id>69</id>
    <name>Resignation and Absence</name>
    <description>
      Nullam odio ante, egestas vitae lectus vel, vestibulum molestie mi.
      Maecenas at dui nunc. Curabitur leo dolor, dignissim sit amet felis vel,
      pulvinar condimentum ipsum. Maecenas vehicula erat at placerat laoreet.
      Mauris tincidunt magna erat, quis molestie est posuere ac.
    </description>
  </art-work>
  <art-work>
    <id>70</id>
    <name>Broken Component</name>
    <description>
      Nullam odio ante, egestas vitae lectus vel, vestibulum molestie mi.
      Maecenas at dui nunc. Curabitur leo dolor, dignissim sit amet felis vel,
      pulvinar condimentum ipsum. Maecenas vehicula erat at placerat laoreet.
      Mauris tincidunt magna erat, quis molestie est posuere ac.
    </description>
  </art-work>
  <art-work>
    <id>71</id>
    <name>Image and Painting</name>
    <description>
      Nullam odio ante, egestas vitae lectus vel, vestibulum molestie mi.
      Maecenas at dui nunc. Curabitur leo dolor, dignissim sit amet felis vel,
      pulvinar condimentum ipsum. Maecenas vehicula erat at placerat laoreet.
      Mauris tincidunt magna erat, quis molestie est posuere ac.
    </description>
  </art-work>
  <art-work>
    <id>72</id>
    <name>Three-Way Structure</name>
    <description>
      Nullam odio ante, egestas vitae lectus vel, vestibulum molestie mi.
      Maecenas at dui nunc. Curabitur leo dolor, dignissim sit amet felis vel,
      pulvinar condimentum ipsum. Maecenas vehicula erat at placerat laoreet.
      Mauris tincidunt magna erat, quis molestie est posuere ac.
    </description>
  </art-work>
  <art-work>
    <id>73</id>
    <name>Objective Path of Pain</name>
    <description>
      Nullam odio ante, egestas vitae lectus vel, vestibulum molestie mi.
      Maecenas at dui nunc. Curabitur leo dolor, dignissim sit amet felis vel,
      pulvinar condimentum ipsum. Maecenas vehicula erat at placerat laoreet.
      Mauris tincidunt magna erat, quis molestie est posuere ac.
    </description>
  </art-work>
  <art-work>
    <id>74</id>
    <name>Manifesto of Silent Apropos</name>
    <description>
      Nullam odio ante, egestas vitae lectus vel, vestibulum molestie mi.
      Maecenas at dui nunc. Curabitur leo dolor, dignissim sit amet felis vel,
      pulvinar condimentum ipsum. Maecenas vehicula erat at placerat laoreet.
      Mauris tincidunt magna erat, quis molestie est posuere ac.
    </description>
  </art-work>
  <art-work>
    <id>75</id>
    <name>The Song of War</name>
    <description>
      Nullam odio ante, egestas vitae lectus vel, vestibulum molestie mi.
      Maecenas at dui nunc. Curabitur leo dolor, dignissim sit amet felis vel,
      pulvinar condimentum ipsum. Maecenas vehicula erat at placerat laoreet.
      Mauris tincidunt magna erat, quis molestie est posuere ac.
    </description>
  </art-work>
  <art-work>
    <id>76</id>
    <name>Perky Boy in Oil</name>
    <description>
      Nullam odio ante, egestas vitae lectus vel, vestibulum molestie mi.
      Maecenas at dui nunc. Curabitur leo dolor, dignissim sit amet felis vel,
      pulvinar condimentum ipsum. Maecenas vehicula erat at placerat laoreet.
      Mauris tincidunt magna erat, quis molestie est posuere ac.
    </description>
  </art-work>
  <art-work>
    <id>77</id>
    <name>My Departure of Fear</name>
    <description>
      Nullam odio ante, egestas vitae lectus vel, vestibulum molestie mi.
      Maecenas at dui nunc. Curabitur leo dolor, dignissim sit amet felis vel,
      pulvinar condimentum ipsum. Maecenas vehicula erat at placerat laoreet.
      Mauris tincidunt magna erat, quis molestie est posuere ac.
    </description>
  </art-work>
  <art-work>
    <id>78</id>
    <name>Extracts from Masked Limitation</name>
    <description>
      Nullam odio ante, egestas vitae lectus vel, vestibulum molestie mi.
      Maecenas at dui nunc. Curabitur leo dolor, dignissim sit amet felis vel,
      pulvinar condimentum ipsum. Maecenas vehicula erat at placerat laoreet.
      Mauris tincidunt magna erat, quis molestie est posuere ac.
    </description>
  </art-work>
  <art-work>
    <id>79</id>
    <name>Fugue with Demoralized Expression</name>
    <description>
      Nullam odio ante, egestas vitae lectus vel, vestibulum molestie mi.
      Maecenas at dui nunc. Curabitur leo dolor, dignissim sit amet felis vel,
      pulvinar condimentum ipsum. Maecenas vehicula erat at placerat laoreet.
      Mauris tincidunt magna erat, quis molestie est posuere ac.
    </description>
  </art-work>
  <art-work>
    <id>80</id>
    <name>Act Including Interfering Lover</name>
    <description>
      Nullam odio ante, egestas vitae lectus vel, vestibulum molestie mi.
      Maecenas at dui nunc. Curabitur leo dolor, dignissim sit amet felis vel,
      pulvinar condimentum ipsum. Maecenas vehicula erat at placerat laoreet.
      Mauris tincidunt magna erat, quis molestie est posuere ac.
    </description>
  </art-work>
  <art-work>
    <id>81</id>
    <name>Knowledge or Poetry</name>
    <description>
      Nullam odio ante, egestas vitae lectus vel, vestibulum molestie mi.
      Maecenas at dui nunc. Curabitur leo dolor, dignissim sit amet felis vel,
      pulvinar condimentum ipsum. Maecenas vehicula erat at placerat laoreet.
      Mauris tincidunt magna erat, quis molestie est posuere ac.
    </description>
  </art-work>
  <art-work>
    <id>82</id>
    <name>Nudist Detaching the Composition</name>
    <description>
      Nullam odio ante, egestas vitae lectus vel, vestibulum molestie mi.
      Maecenas at dui nunc. Curabitur leo dolor, dignissim sit amet felis vel,
      pulvinar condimentum ipsum. Maecenas vehicula erat at placerat laoreet.
      Mauris tincidunt magna erat, quis molestie est posuere ac.
    </description>
  </art-work>
  <art-work>
    <id>83</id>
    <name>Peacock Deceiving the Canvas</name>
    <description>
      Nullam odio ante, egestas vitae lectus vel, vestibulum molestie mi.
      Maecenas at dui nunc. Curabitur leo dolor, dignissim sit amet felis vel,
      pulvinar condimentum ipsum. Maecenas vehicula erat at placerat laoreet.
      Mauris tincidunt magna erat, quis molestie est posuere ac.
    </description>
  </art-work>
  <art-work>
    <id>84</id>
    <name>Drunk Bachelor - Composition VII</name>
    <description>
      Nullam odio ante, egestas vitae lectus vel, vestibulum molestie mi.
      Maecenas at dui nunc. Curabitur leo dolor, dignissim sit amet felis vel,
      pulvinar condimentum ipsum. Maecenas vehicula erat at placerat laoreet.
      Mauris tincidunt magna erat, quis molestie est posuere ac.
    </description>
  </art-work>
  <art-work>
    <id>85</id>
    <name>Nude Decreasing the Orange Field</name>
    <description>
      Nullam odio ante, egestas vitae lectus vel, vestibulum molestie mi.
      Maecenas at dui nunc. Curabitur leo dolor, dignissim sit amet felis vel,
      pulvinar condimentum ipsum. Maecenas vehicula erat at placerat laoreet.
      Mauris tincidunt magna erat, quis molestie est posuere ac.
    </description>
  </art-work>
  <art-work>
    <id>86</id>
    <name>Religious Approach</name>
    <description>
      Nullam odio ante, egestas vitae lectus vel, vestibulum molestie mi.
      Maecenas at dui nunc. Curabitur leo dolor, dignissim sit amet felis vel,
      pulvinar condimentum ipsum. Maecenas vehicula erat at placerat laoreet.
      Mauris tincidunt magna erat, quis molestie est posuere ac.
    </description>
  </art-work>
  <art-work>
    <id>87</id>
    <name>Analysis and Cannibalism</name>
    <description>
      Nullam odio ante, egestas vitae lectus vel, vestibulum molestie mi.
      Maecenas at dui nunc. Curabitur leo dolor, dignissim sit amet felis vel,
      pulvinar condimentum ipsum. Maecenas vehicula erat at placerat laoreet.
      Mauris tincidunt magna erat, quis molestie est posuere ac.
    </description>
  </art-work>
  <art-work>
    <id>88</id>
    <name>Nurse Desiring a Bureaucrat</name>
    <description>
      Nullam odio ante, egestas vitae lectus vel, vestibulum molestie mi.
      Maecenas at dui nunc. Curabitur leo dolor, dignissim sit amet felis vel,
      pulvinar condimentum ipsum. Maecenas vehicula erat at placerat laoreet.
      Mauris tincidunt magna erat, quis molestie est posuere ac.
    </description>
  </art-work>
  <art-work>
    <id>89</id>
    <name>Incidental Depth</name>
    <description>
      Nullam odio ante, egestas vitae lectus vel, vestibulum molestie mi.
      Maecenas at dui nunc. Curabitur leo dolor, dignissim sit amet felis vel,
      pulvinar condimentum ipsum. Maecenas vehicula erat at placerat laoreet.
      Mauris tincidunt magna erat, quis molestie est posuere ac.
    </description>
  </art-work>
  <art-work>
    <id>90</id>
    <name>Virgin Deserting the Canvas</name>
    <description>
      Nullam odio ante, egestas vitae lectus vel, vestibulum molestie mi.
      Maecenas at dui nunc. Curabitur leo dolor, dignissim sit amet felis vel,
      pulvinar condimentum ipsum. Maecenas vehicula erat at placerat laoreet.
      Mauris tincidunt magna erat, quis molestie est posuere ac.
    </description>
  </art-work>
  <art-work>
    <id>91</id>
    <name>Crying Virgin under Construction</name>
    <description>
      Nullam odio ante, egestas vitae lectus vel, vestibulum molestie mi.
      Maecenas at dui nunc. Curabitur leo dolor, dignissim sit amet felis vel,
      pulvinar condimentum ipsum. Maecenas vehicula erat at placerat laoreet.
      Mauris tincidunt magna erat, quis molestie est posuere ac.
    </description>
  </art-work>
  <art-work>
    <id>92</id>
    <name>Supposed Conflict of God</name>
    <description>
      Nullam odio ante, egestas vitae lectus vel, vestibulum molestie mi.
      Maecenas at dui nunc. Curabitur leo dolor, dignissim sit amet felis vel,
      pulvinar condimentum ipsum. Maecenas vehicula erat at placerat laoreet.
      Mauris tincidunt magna erat, quis molestie est posuere ac.
    </description>
  </art-work>
  <art-work>
    <id>93</id>
    <name>Nurse Deciphering the Artist</name>
    <description>
      Nullam odio ante, egestas vitae lectus vel, vestibulum molestie mi.
      Maecenas at dui nunc. Curabitur leo dolor, dignissim sit amet felis vel,
      pulvinar condimentum ipsum. Maecenas vehicula erat at placerat laoreet.
      Mauris tincidunt magna erat, quis molestie est posuere ac.
    </description>
  </art-work>
  <art-work>
    <id>94</id>
    <name>The Cannibalism of Lust</name>
    <description>
      Nullam odio ante, egestas vitae lectus vel, vestibulum molestie mi.
      Maecenas at dui nunc. Curabitur leo dolor, dignissim sit amet felis vel,
      pulvinar condimentum ipsum. Maecenas vehicula erat at placerat laoreet.
      Mauris tincidunt magna erat, quis molestie est posuere ac.
    </description>
  </art-work>
  <art-work>
    <id>95</id>
    <name>Projection of Dreams (ironic)</name>
    <description>
      Nullam odio ante, egestas vitae lectus vel, vestibulum molestie mi.
      Maecenas at dui nunc. Curabitur leo dolor, dignissim sit amet felis vel,
      pulvinar condimentum ipsum. Maecenas vehicula erat at placerat laoreet.
      Mauris tincidunt magna erat, quis molestie est posuere ac.
    </description>
  </art-work>
  <art-work>
    <id>96</id>
    <name>Purpose with Sadness</name>
    <description>
      Nullam odio ante, egestas vitae lectus vel, vestibulum molestie mi.
      Maecenas at dui nunc. Curabitur leo dolor, dignissim sit amet felis vel,
      pulvinar condimentum ipsum. Maecenas vehicula erat at placerat laoreet.
      Mauris tincidunt magna erat, quis molestie est posuere ac.
    </description>
  </art-work>
  <art-work>
    <id>97</id>
    <name>Reflecting Absence</name>
    <description>
      Nullam odio ante, egestas vitae lectus vel, vestibulum molestie mi.
      Maecenas at dui nunc. Curabitur leo dolor, dignissim sit amet felis vel,
      pulvinar condimentum ipsum. Maecenas vehicula erat at placerat laoreet.
      Mauris tincidunt magna erat, quis molestie est posuere ac.
    </description>
  </art-work>
  <art-work>
    <id>98</id>
    <name>The Cannibalism of Death</name>
    <description>
      Nullam odio ante, egestas vitae lectus vel, vestibulum molestie mi.
      Maecenas at dui nunc. Curabitur leo dolor, dignissim sit amet felis vel,
      pulvinar condimentum ipsum. Maecenas vehicula erat at placerat laoreet.
      Mauris tincidunt magna erat, quis molestie est posuere ac.
    </description>
  </art-work>
  <art-work>
    <id>99</id>
    <name>Silent Nurse (detail)</name>
    <description>
      Nullam odio ante, egestas vitae lectus vel, vestibulum molestie mi.
      Maecenas at dui nunc. Curabitur leo dolor, dignissim sit amet felis vel,
      pulvinar condimentum ipsum. Maecenas vehicula erat at placerat laoreet.
      Mauris tincidunt magna erat, quis molestie est posuere ac.
    </description>
  </art-work>
  <art-work>
    <id>100</id>
    <name>The Ephemeral Spirit</name>
    <description>
      Nullam odio ante, egestas vitae lectus vel, vestibulum molestie mi.
      Maecenas at dui nunc. Curabitur leo dolor, dignissim sit amet felis vel,
      pulvinar condimentum ipsum. Maecenas vehicula erat at placerat laoreet.
      Mauris tincidunt magna erat, quis molestie est posuere ac.
    </description>
  </art-work>
</art-works-descriptions>