<?xml version="1.0" encoding="UTF-8" ?>
<Artists>
	<Atritst>
		<FirstName>Keely</FirstName>
		<MiddleName>Koch</MiddleName>
		<LastName>Levy</LastName>
		<DateOfBird>06/25/2016</DateOfBird>
	</Atritst>
	<Atritst>
		<FirstName>Meghan</FirstName>
		<MiddleName>Cobb</MiddleName>
		<LastName>Rojas</LastName>
		<DateOfBird>10/05/2015</DateOfBird>
	</Atritst>
	<Atritst>
		<FirstName>Carla</FirstName>
		<MiddleName>Beck</MiddleName>
		<LastName>Hale</LastName>
		<DateOfBird>04/12/2015</DateOfBird>
	</Atritst>
	<Atritst>
		<FirstName>Timothy</FirstName>
		<MiddleName>Hinton</MiddleName>
		<LastName>Mccray</LastName>
		<DateOfBird>06/14/2016</DateOfBird>
	</Atritst>
	<Atritst>
		<FirstName>Gretchen</FirstName>
		<MiddleName>Harrison</MiddleName>
		<LastName>Dawson</LastName>
		<DateOfBird>08/04/2015</DateOfBird>
	</Atritst>
	<Atritst>
		<FirstName>Kirestin</FirstName>
		<MiddleName>Cantrell</MiddleName>
		<LastName>Battle</LastName>
		<DateOfBird>08/21/2015</DateOfBird>
	</Atritst>
	<Atritst>
		<FirstName>Ina</FirstName>
		<MiddleName>Evans</MiddleName>
		<LastName>Stewart</LastName>
		<DateOfBird>05/24/2015</DateOfBird>
	</Atritst>
	<Atritst>
		<FirstName>Raymond</FirstName>
		<MiddleName>Higgins</MiddleName>
		<LastName>Roth</LastName>
		<DateOfBird>02/24/2016</DateOfBird>
	</Atritst>
	<Atritst>
		<FirstName>Charles</FirstName>
		<MiddleName>Gallegos</MiddleName>
		<LastName>Phelps</LastName>
		<DateOfBird>11/05/2014</DateOfBird>
	</Atritst>
	<Atritst>
		<FirstName>Nina</FirstName>
		<MiddleName>Sanford</MiddleName>
		<LastName>Summers</LastName>
		<DateOfBird>07/02/2015</DateOfBird>
	</Atritst>
	<Atritst>
		<FirstName>Mara</FirstName>
		<MiddleName>Irwin</MiddleName>
		<LastName>Morse</LastName>
		<DateOfBird>10/10/2015</DateOfBird>
	</Atritst>
	<Atritst>
		<FirstName>Hamilton</FirstName>
		<MiddleName>Dodson</MiddleName>
		<LastName>Bright</LastName>
		<DateOfBird>01/16/2015</DateOfBird>
	</Atritst>
	<Atritst>
		<FirstName>Maris</FirstName>
		<MiddleName>Duran</MiddleName>
		<LastName>Crosby</LastName>
		<DateOfBird>10/30/2014</DateOfBird>
	</Atritst>
	<Atritst>
		<FirstName>Beck</FirstName>
		<MiddleName>Rocha</MiddleName>
		<LastName>Gonzales</LastName>
		<DateOfBird>06/08/2015</DateOfBird>
	</Atritst>
	<Atritst>
		<FirstName>Scott</FirstName>
		<MiddleName>Everett</MiddleName>
		<LastName>Adams</LastName>
		<DateOfBird>01/04/2016</DateOfBird>
	</Atritst>
	<Atritst>
		<FirstName>Irene</FirstName>
		<MiddleName>Schwartz</MiddleName>
		<LastName>Cunningham</LastName>
		<DateOfBird>12/23/2015</DateOfBird>
	</Atritst>
	<Atritst>
		<FirstName>Brianna</FirstName>
		<MiddleName>Hubbard</MiddleName>
		<LastName>Pittman</LastName>
		<DateOfBird>12/16/2015</DateOfBird>
	</Atritst>
	<Atritst>
		<FirstName>Lucy</FirstName>
		<MiddleName>Velasquez</MiddleName>
		<LastName>Espinoza</LastName>
		<DateOfBird>03/13/2015</DateOfBird>
	</Atritst>
	<Atritst>
		<FirstName>Meghan</FirstName>
		<MiddleName>Heath</MiddleName>
		<LastName>Carpenter</LastName>
		<DateOfBird>03/24/2016</DateOfBird>
	</Atritst>
	<Atritst>
		<FirstName>Roary</FirstName>
		<MiddleName>Mejia</MiddleName>
		<LastName>Greene</LastName>
		<DateOfBird>03/21/2016</DateOfBird>
	</Atritst>
	<Atritst>
		<FirstName>Kameko</FirstName>
		<MiddleName>Mack</MiddleName>
		<LastName>Kerr</LastName>
		<DateOfBird>12/26/2014</DateOfBird>
	</Atritst>
	<Atritst>
		<FirstName>Colton</FirstName>
		<MiddleName>Burgess</MiddleName>
		<LastName>Ramirez</LastName>
		<DateOfBird>01/05/2015</DateOfBird>
	</Atritst>
	<Atritst>
		<FirstName>Wayne</FirstName>
		<MiddleName>Mills</MiddleName>
		<LastName>Wade</LastName>
		<DateOfBird>02/05/2016</DateOfBird>
	</Atritst>
	<Atritst>
		<FirstName>Sybill</FirstName>
		<MiddleName>Kaufman</MiddleName>
		<LastName>Valenzuela</LastName>
		<DateOfBird>04/15/2016</DateOfBird>
	</Atritst>
	<Atritst>
		<FirstName>Madison</FirstName>
		<MiddleName>Hampton</MiddleName>
		<LastName>Evans</LastName>
		<DateOfBird>05/24/2016</DateOfBird>
	</Atritst>
	<Atritst>
		<FirstName>Caldwell</FirstName>
		<MiddleName>Miller</MiddleName>
		<LastName>Duran</LastName>
		<DateOfBird>10/12/2016</DateOfBird>
	</Atritst>
	<Atritst>
		<FirstName>Karen</FirstName>
		<MiddleName>Robinson</MiddleName>
		<LastName>Klein</LastName>
		<DateOfBird>11/29/2014</DateOfBird>
	</Atritst>
	<Atritst>
		<FirstName>Donna</FirstName>
		<MiddleName>Montgomery</MiddleName>
		<LastName>Hickman</LastName>
		<DateOfBird>05/27/2016</DateOfBird>
	</Atritst>
	<Atritst>
		<FirstName>Blossom</FirstName>
		<MiddleName>Fields</MiddleName>
		<LastName>Glenn</LastName>
		<DateOfBird>08/16/2016</DateOfBird>
	</Atritst>
	<Atritst>
		<FirstName>Olga</FirstName>
		<MiddleName>Pierce</MiddleName>
		<LastName>Donaldson</LastName>
		<DateOfBird>11/19/2015</DateOfBird>
	</Atritst>
	<Atritst>
		<FirstName>Ashton</FirstName>
		<MiddleName>Gaines</MiddleName>
		<LastName>Gaines</LastName>
		<DateOfBird>05/19/2015</DateOfBird>
	</Atritst>
	<Atritst>
		<FirstName>Axel</FirstName>
		<MiddleName>Evans</MiddleName>
		<LastName>Sawyer</LastName>
		<DateOfBird>07/15/2016</DateOfBird>
	</Atritst>
	<Atritst>
		<FirstName>Ora</FirstName>
		<MiddleName>Warren</MiddleName>
		<LastName>Wade</LastName>
		<DateOfBird>06/22/2015</DateOfBird>
	</Atritst>
	<Atritst>
		<FirstName>Haviva</FirstName>
		<MiddleName>Summers</MiddleName>
		<LastName>Gray</LastName>
		<DateOfBird>04/15/2016</DateOfBird>
	</Atritst>
	<Atritst>
		<FirstName>Brielle</FirstName>
		<MiddleName>Jordan</MiddleName>
		<LastName>Cherry</LastName>
		<DateOfBird>08/10/2016</DateOfBird>
	</Atritst>
	<Atritst>
		<FirstName>Martin</FirstName>
		<MiddleName>Singleton</MiddleName>
		<LastName>Peters</LastName>
		<DateOfBird>08/11/2016</DateOfBird>
	</Atritst>
	<Atritst>
		<FirstName>Neve</FirstName>
		<MiddleName>Morrow</MiddleName>
		<LastName>Ware</LastName>
		<DateOfBird>09/23/2016</DateOfBird>
	</Atritst>
	<Atritst>
		<FirstName>Kamal</FirstName>
		<MiddleName>Trevino</MiddleName>
		<LastName>Hyde</LastName>
		<DateOfBird>05/24/2016</DateOfBird>
	</Atritst>
	<Atritst>
		<FirstName>Freya</FirstName>
		<MiddleName>Tran</MiddleName>
		<LastName>Greene</LastName>
		<DateOfBird>09/14/2016</DateOfBird>
	</Atritst>
	<Atritst>
		<FirstName>Eve</FirstName>
		<MiddleName>Howell</MiddleName>
		<LastName>Ortega</LastName>
		<DateOfBird>03/28/2016</DateOfBird>
	</Atritst>
	<Atritst>
		<FirstName>Reece</FirstName>
		<MiddleName>England</MiddleName>
		<LastName>Singleton</LastName>
		<DateOfBird>12/08/2015</DateOfBird>
	</Atritst>
	<Atritst>
		<FirstName>Madison</FirstName>
		<MiddleName>Hansen</MiddleName>
		<LastName>Vazquez</LastName>
		<DateOfBird>11/19/2014</DateOfBird>
	</Atritst>
	<Atritst>
		<FirstName>Xena</FirstName>
		<MiddleName>Clements</MiddleName>
		<LastName>Richmond</LastName>
		<DateOfBird>12/07/2015</DateOfBird>
	</Atritst>
	<Atritst>
		<FirstName>Lev</FirstName>
		<MiddleName>Roth</MiddleName>
		<LastName>Parks</LastName>
		<DateOfBird>05/14/2016</DateOfBird>
	</Atritst>
	<Atritst>
		<FirstName>Lael</FirstName>
		<MiddleName>Burke</MiddleName>
		<LastName>Trevino</LastName>
		<DateOfBird>08/05/2016</DateOfBird>
	</Atritst>
	<Atritst>
		<FirstName>Quinlan</FirstName>
		<MiddleName>Stevens</MiddleName>
		<LastName>Lopez</LastName>
		<DateOfBird>03/18/2016</DateOfBird>
	</Atritst>
	<Atritst>
		<FirstName>Steven</FirstName>
		<MiddleName>Todd</MiddleName>
		<LastName>Bryant</LastName>
		<DateOfBird>08/07/2015</DateOfBird>
	</Atritst>
	<Atritst>
		<FirstName>Zenaida</FirstName>
		<MiddleName>Kirby</MiddleName>
		<LastName>Quinn</LastName>
		<DateOfBird>10/06/2015</DateOfBird>
	</Atritst>
	<Atritst>
		<FirstName>Serina</FirstName>
		<MiddleName>Lawrence</MiddleName>
		<LastName>Dixon</LastName>
		<DateOfBird>08/05/2016</DateOfBird>
	</Atritst>
	<Atritst>
		<FirstName>Calvin</FirstName>
		<MiddleName>Mcknight</MiddleName>
		<LastName>Odonnell</LastName>
		<DateOfBird>06/26/2015</DateOfBird>
	</Atritst>
	<Atritst>
		<FirstName>Hyacinth</FirstName>
		<MiddleName>Mosley</MiddleName>
		<LastName>Cortez</LastName>
		<DateOfBird>12/01/2015</DateOfBird>
	</Atritst>
	<Atritst>
		<FirstName>Harding</FirstName>
		<MiddleName>Hughes</MiddleName>
		<LastName>Kerr</LastName>
		<DateOfBird>10/21/2014</DateOfBird>
	</Atritst>
	<Atritst>
		<FirstName>Amos</FirstName>
		<MiddleName>Rodriquez</MiddleName>
		<LastName>Castro</LastName>
		<DateOfBird>10/24/2015</DateOfBird>
	</Atritst>
	<Atritst>
		<FirstName>Ross</FirstName>
		<MiddleName>Mitchell</MiddleName>
		<LastName>Nunez</LastName>
		<DateOfBird>05/11/2016</DateOfBird>
	</Atritst>
	<Atritst>
		<FirstName>Adara</FirstName>
		<MiddleName>Juarez</MiddleName>
		<LastName>Woodward</LastName>
		<DateOfBird>02/17/2016</DateOfBird>
	</Atritst>
	<Atritst>
		<FirstName>Stella</FirstName>
		<MiddleName>Fox</MiddleName>
		<LastName>Chaney</LastName>
		<DateOfBird>07/24/2016</DateOfBird>
	</Atritst>
	<Atritst>
		<FirstName>Vanna</FirstName>
		<MiddleName>Nguyen</MiddleName>
		<LastName>Brennan</LastName>
		<DateOfBird>09/05/2015</DateOfBird>
	</Atritst>
	<Atritst>
		<FirstName>Kathleen</FirstName>
		<MiddleName>Cook</MiddleName>
		<LastName>Garcia</LastName>
		<DateOfBird>07/05/2015</DateOfBird>
	</Atritst>
	<Atritst>
		<FirstName>Karina</FirstName>
		<MiddleName>Mcgee</MiddleName>
		<LastName>Palmer</LastName>
		<DateOfBird>08/19/2015</DateOfBird>
	</Atritst>
	<Atritst>
		<FirstName>Courtney</FirstName>
		<MiddleName>Burris</MiddleName>
		<LastName>Ingram</LastName>
		<DateOfBird>06/22/2015</DateOfBird>
	</Atritst>
	<Atritst>
		<FirstName>Quincy</FirstName>
		<MiddleName>Huffman</MiddleName>
		<LastName>Miranda</LastName>
		<DateOfBird>09/08/2015</DateOfBird>
	</Atritst>
	<Atritst>
		<FirstName>Lareina</FirstName>
		<MiddleName>Foreman</MiddleName>
		<LastName>Franks</LastName>
		<DateOfBird>10/14/2015</DateOfBird>
	</Atritst>
	<Atritst>
		<FirstName>Noble</FirstName>
		<MiddleName>Figueroa</MiddleName>
		<LastName>Farmer</LastName>
		<DateOfBird>10/02/2016</DateOfBird>
	</Atritst>
	<Atritst>
		<FirstName>Elijah</FirstName>
		<MiddleName>Maxwell</MiddleName>
		<LastName>Swanson</LastName>
		<DateOfBird>07/18/2016</DateOfBird>
	</Atritst>
	<Atritst>
		<FirstName>Deirdre</FirstName>
		<MiddleName>Carrillo</MiddleName>
		<LastName>Dale</LastName>
		<DateOfBird>09/28/2016</DateOfBird>
	</Atritst>
	<Atritst>
		<FirstName>Alea</FirstName>
		<MiddleName>Patel</MiddleName>
		<LastName>Boyer</LastName>
		<DateOfBird>01/11/2016</DateOfBird>
	</Atritst>
	<Atritst>
		<FirstName>Inga</FirstName>
		<MiddleName>Graves</MiddleName>
		<LastName>Curry</LastName>
		<DateOfBird>06/01/2016</DateOfBird>
	</Atritst>
	<Atritst>
		<FirstName>Lysandra</FirstName>
		<MiddleName>Mcguire</MiddleName>
		<LastName>Savage</LastName>
		<DateOfBird>12/22/2015</DateOfBird>
	</Atritst>
	<Atritst>
		<FirstName>Paki</FirstName>
		<MiddleName>Herrera</MiddleName>
		<LastName>Murray</LastName>
		<DateOfBird>03/22/2016</DateOfBird>
	</Atritst>
	<Atritst>
		<FirstName>Silas</FirstName>
		<MiddleName>Small</MiddleName>
		<LastName>Cannon</LastName>
		<DateOfBird>05/11/2016</DateOfBird>
	</Atritst>
	<Atritst>
		<FirstName>Haviva</FirstName>
		<MiddleName>Blackwell</MiddleName>
		<LastName>Avila</LastName>
		<DateOfBird>01/21/2016</DateOfBird>
	</Atritst>
	<Atritst>
		<FirstName>Stephanie</FirstName>
		<MiddleName>Burris</MiddleName>
		<LastName>Baker</LastName>
		<DateOfBird>02/07/2015</DateOfBird>
	</Atritst>
	<Atritst>
		<FirstName>Lane</FirstName>
		<MiddleName>Rivera</MiddleName>
		<LastName>Hogan</LastName>
		<DateOfBird>10/20/2015</DateOfBird>
	</Atritst>
	<Atritst>
		<FirstName>Naida</FirstName>
		<MiddleName>Mcpherson</MiddleName>
		<LastName>Lloyd</LastName>
		<DateOfBird>08/24/2016</DateOfBird>
	</Atritst>
	<Atritst>
		<FirstName>Zane</FirstName>
		<MiddleName>Hutchinson</MiddleName>
		<LastName>Battle</LastName>
		<DateOfBird>05/13/2015</DateOfBird>
	</Atritst>
	<Atritst>
		<FirstName>Neil</FirstName>
		<MiddleName>Good</MiddleName>
		<LastName>Montoya</LastName>
		<DateOfBird>11/01/2015</DateOfBird>
	</Atritst>
	<Atritst>
		<FirstName>Zorita</FirstName>
		<MiddleName>Bartlett</MiddleName>
		<LastName>Duke</LastName>
		<DateOfBird>03/23/2015</DateOfBird>
	</Atritst>
	<Atritst>
		<FirstName>Duncan</FirstName>
		<MiddleName>Camacho</MiddleName>
		<LastName>Cameron</LastName>
		<DateOfBird>11/27/2014</DateOfBird>
	</Atritst>
	<Atritst>
		<FirstName>Camden</FirstName>
		<MiddleName>Woods</MiddleName>
		<LastName>Woodard</LastName>
		<DateOfBird>07/02/2015</DateOfBird>
	</Atritst>
	<Atritst>
		<FirstName>Katell</FirstName>
		<MiddleName>Key</MiddleName>
		<LastName>Dejesus</LastName>
		<DateOfBird>03/23/2015</DateOfBird>
	</Atritst>
	<Atritst>
		<FirstName>Madison</FirstName>
		<MiddleName>Harrison</MiddleName>
		<LastName>Skinner</LastName>
		<DateOfBird>12/16/2014</DateOfBird>
	</Atritst>
	<Atritst>
		<FirstName>Quinn</FirstName>
		<MiddleName>Kent</MiddleName>
		<LastName>Velasquez</LastName>
		<DateOfBird>06/13/2016</DateOfBird>
	</Atritst>
	<Atritst>
		<FirstName>Portia</FirstName>
		<MiddleName>Morris</MiddleName>
		<LastName>Mayo</LastName>
		<DateOfBird>03/22/2016</DateOfBird>
	</Atritst>
	<Atritst>
		<FirstName>Steven</FirstName>
		<MiddleName>Mckenzie</MiddleName>
		<LastName>Sellers</LastName>
		<DateOfBird>12/24/2015</DateOfBird>
	</Atritst>
	<Atritst>
		<FirstName>Xaviera</FirstName>
		<MiddleName>Heath</MiddleName>
		<LastName>Sanders</LastName>
		<DateOfBird>07/01/2015</DateOfBird>
	</Atritst>
	<Atritst>
		<FirstName>Ruth</FirstName>
		<MiddleName>Rivers</MiddleName>
		<LastName>Rice</LastName>
		<DateOfBird>12/31/2014</DateOfBird>
	</Atritst>
	<Atritst>
		<FirstName>Leonard</FirstName>
		<MiddleName>Lindsay</MiddleName>
		<LastName>Bailey</LastName>
		<DateOfBird>06/11/2016</DateOfBird>
	</Atritst>
	<Atritst>
		<FirstName>Adam</FirstName>
		<MiddleName>Kramer</MiddleName>
		<LastName>Weber</LastName>
		<DateOfBird>03/24/2015</DateOfBird>
	</Atritst>
	<Atritst>
		<FirstName>Morgan</FirstName>
		<MiddleName>Shelton</MiddleName>
		<LastName>Henderson</LastName>
		<DateOfBird>05/12/2016</DateOfBird>
	</Atritst>
	<Atritst>
		<FirstName>Clementine</FirstName>
		<MiddleName>Short</MiddleName>
		<LastName>Calderon</LastName>
		<DateOfBird>12/10/2014</DateOfBird>
	</Atritst>
	<Atritst>
		<FirstName>Kelsie</FirstName>
		<MiddleName>French</MiddleName>
		<LastName>Mann</LastName>
		<DateOfBird>06/15/2016</DateOfBird>
	</Atritst>
	<Atritst>
		<FirstName>Risa</FirstName>
		<MiddleName>Finley</MiddleName>
		<LastName>Dorsey</LastName>
		<DateOfBird>07/04/2016</DateOfBird>
	</Atritst>
	<Atritst>
		<FirstName>Connor</FirstName>
		<MiddleName>Hamilton</MiddleName>
		<LastName>Becker</LastName>
		<DateOfBird>10/05/2016</DateOfBird>
	</Atritst>
	<Atritst>
		<FirstName>Ishmael</FirstName>
		<MiddleName>Fletcher</MiddleName>
		<LastName>Johns</LastName>
		<DateOfBird>07/06/2016</DateOfBird>
	</Atritst>
	<Atritst>
		<FirstName>Lunea</FirstName>
		<MiddleName>Hawkins</MiddleName>
		<LastName>Diaz</LastName>
		<DateOfBird>01/26/2016</DateOfBird>
	</Atritst>
	<Atritst>
		<FirstName>Richard</FirstName>
		<MiddleName>Cortez</MiddleName>
		<LastName>Quinn</LastName>
		<DateOfBird>01/09/2015</DateOfBird>
	</Atritst>
	<Atritst>
		<FirstName>Justin</FirstName>
		<MiddleName>Hester</MiddleName>
		<LastName>Miles</LastName>
		<DateOfBird>02/21/2015</DateOfBird>
	</Atritst>
	<Atritst>
		<FirstName>Kelsey</FirstName>
		<MiddleName>Snyder</MiddleName>
		<LastName>Mccall</LastName>
		<DateOfBird>10/23/2015</DateOfBird>
	</Atritst>
	<Atritst>
		<FirstName>Shad</FirstName>
		<MiddleName>Baker</MiddleName>
		<LastName>Carr</LastName>
		<DateOfBird>11/24/2015</DateOfBird>
	</Atritst>
	<Atritst>
		<FirstName>Stephanie</FirstName>
		<MiddleName>Owens</MiddleName>
		<LastName>Padilla</LastName>
		<DateOfBird>11/24/2015</DateOfBird>
	</Atritst>
</Artists>