﻿<?xml version="1.0" encoding="utf-8"?><sales><sale artist="Amelia Dowd"><summary date="06-Sep-2010" total-sum="1609123.00" /></sale><sale artist="Angela Welch"><summary date="09-Nov-2012" total-sum="8703207.00" /></sale><sale artist="Benjamin Edmunds"><summary date="27-Feb-2012" total-sum="3594465.00" /></sale><sale artist="Benjamin Edmunds"><summary date="12-Mar-2012" total-sum="6033705.00" /></sale><sale artist="Chloe Forsyth"><summary date="31-Mar-2010" total-sum="7527686.00" /></sale><sale artist="Christopher Poole"><summary date="10-Dec-2012" total-sum="5986675.00" /></sale><sale artist="Claire Gibson"><summary date="06-Jul-2014" total-sum="6885901.00" /></sale><sale artist="Dominic Paige"><summary date="16-Jun-2012" total-sum="9237570.00" /></sale><sale artist="Eric Scott"><summary date="08-Oct-2013" total-sum="6031267.00" /></sale><sale artist="Hannah Coleman"><summary date="02-May-2011" total-sum="2879366.00" /></sale><sale artist="Jake Alsop"><summary date="26-Oct-2014" total-sum="5011041.00" /></sale><sale artist="Julia Murray"><summary date="13-Mar-2010" total-sum="7758232.00" /></sale><sale artist="Keith Parr"><summary date="23-Dec-2013" total-sum="4724500.00" /></sale><sale artist="Peter Watson"><summary date="03-Apr-2010" total-sum="7457285.00" /></sale><sale artist="Phil Peters"><summary date="12-Aug-2013" total-sum="827208.00" /></sale><sale artist="Pippa Jackson"><summary date="26-Jan-2012" total-sum="9210099.00" /></sale><sale artist="Theresa Brown"><summary date="30-Sep-2012" total-sum="5132597.00" /></sale><sale artist="Una Hudson"><summary date="07-Nov-2011" total-sum="8646763.00" /></sale><sale artist="Una Hudson"><summary date="22-Jul-2012" total-sum="3526545.00" /></sale><sale artist="Victoria Chapman"><summary date="13-Apr-2014" total-sum="3316829.00" /></sale><sale artist="Wendy Cornish"><summary date="16-Feb-2011" total-sum="4531232.00" /></sale></sales>